area,single,"married, no kids","not married, no kids","married, with kids","not married, with kids",single parent,other,total,stadsdeel,m2,wd,dist,woz-value per m2
A00a Kop Zeedijk,458.0,42.0,113.0,12.0,12.0,27.0,19.0,683.0,0,65.1918982082576,860.2567894112397,0.0,3851.0
A00b Oude Kerk e.o.,295.0,14.0,88.0,7.0,7.0,28.0,17.0,456.0,0,72.98379629629629,934.5260092956428,0.001966748451756217,3456.0
A00c Burgwallen Oost,638.0,58.0,184.0,32.0,33.0,38.0,35.0,1018.0,0,70.9340746624305,933.9418097114432,0.002870939638860014,3777.0
A00d Nes e.o.,145.0,12.0,49.0,7.0,5.0,5.0,14.0,237.0,0,84.2732602600051,965.8827704063306,0.004898674702402913,3923.0
A00e BG-terrein e.o.,270.0,23.0,55.0,21.0,8.0,18.0,4.0,399.0,0,82.38860759493672,1024.6520011755613,0.00618208924413483,3950.0
A01a Stationsplein e.o.,523.3676148796499,93.62700228832952,1.0,120.07476635514018,50.81190476190476,95.27446300715991,15.697732997481108,899.8534842896654,0,83.57613884316903,698.3644730110699,0.00404223726295187,3125.301047120419
A01b Hemelrijk,260.0,13.0,67.0,5.0,7.0,10.0,10.0,372.0,0,64.73171936758894,737.0948286183888,0.002549061062926708,4048.0
A01c Nieuwendijk Noord,169.0,17.0,68.0,11.0,5.0,7.0,8.0,285.0,0,65.62981015905592,783.4883858889094,0.0013982910998802639,3898.0
A01d Spuistraat Noord,352.0,28.0,105.0,13.0,12.0,11.0,24.0,545.0,0,72.75467119631158,875.0033525269127,0.0010725063414699046,4121.0
A01e Nieuwe Kerk e.o.,338.0,30.0,128.0,17.0,11.0,9.0,12.0,545.0,0,66.55680963130173,899.9299615765584,0.0014657317660456619,3987.0
A01f Spuistraat Zuid,337.0,21.0,71.0,12.0,13.0,21.0,6.0,481.0,0,79.79599499374218,957.221647745208,0.005160226455543753,3995.0
A01g Begijnhofbuurt,237.0,10.0,53.0,5.0,1.0,4.0,6.0,316.0,0,57.5377839592026,956.5584460820063,0.005097610052757662,4314.0
A01h Kalverdriehoek,100.0,14.0,38.0,3.0,2.0,5.0,10.0,172.0,0,78.63949013949014,1008.076743477267,0.007797582816001453,4158.0
A02a Langestraat e.o.,669.0,136.0,157.0,77.0,33.0,43.0,10.0,1125.0,0,110.58706356311549,721.8599013834615,0.0028668761204496728,4468.0
A02b Leliegracht e.o.,703.0,119.0,147.0,63.0,43.0,36.0,20.0,1131.0,0,115.40381165919283,832.4255913182615,0.0012990774611233251,4460.0
A02c Felix Meritisbuurt,830.0,150.0,187.0,78.0,45.0,51.0,24.0,1365.0,0,106.3766032728881,979.8058473294075,0.004562297070823875,4522.0
A02d Leidsegracht Noord,297.0,57.0,53.0,21.0,15.0,13.0,4.0,460.0,0,126.50022482014388,1026.3012757017993,0.008318979038920612,4448.0
A03a Spiegelbuurt,291.0,49.0,61.0,38.0,16.0,29.0,5.0,489.0,0,105.85805132863956,1018.543691698142,0.01107518224736833,4403.0
A03b Gouden Bocht,48.0,11.0,19.0,5.0,2.0,2.0,2.0,89.0,0,129.58463251670378,1025.1453505458742,0.009551379115206269,4490.0
A03c Van Loonbuurt,452.0,100.0,123.0,76.0,34.0,31.0,10.0,826.0,0,121.91957648118945,993.570294216891,0.012213425954762413,4439.0
A03d Amstelveldbuurt,581.0,101.0,116.0,73.0,31.0,33.0,13.0,948.0,0,112.8937230908679,991.1016915022151,0.012039296542982242,4413.0
A03e Rembrandtpleinbuurt,255.0,24.0,53.0,10.0,6.0,9.0,7.0,364.0,0,78.59353507565336,1013.3740407745643,0.009652639522560463,4362.0
A03f Reguliersbuurt,166.0,9.0,47.0,10.0,3.0,6.0,5.0,246.0,0,68.26763534098899,1025.1453505458742,0.009551379115206269,4267.0
A03g Leidsegracht Zuid,233.0,35.0,47.0,28.0,17.0,14.0,9.0,383.0,0,113.94182389937107,1012.6484690489926,0.00908371639597178,4452.0
A04a Oosterdokseiland,128.0,42.0,51.0,14.0,9.0,21.0,2.0,267.0,0,103.15814473316568,773.773835051322,0.0014539535756011776,3579.0
A04b Scheepvaarthuisbuurt,252.0,35.0,86.0,31.0,13.0,14.0,10.0,441.0,0,100.33307352559106,911.8357806054141,0.0017079245445816356,3849.0
A04c Rapenburg,307.0,52.0,115.0,43.0,18.0,38.0,18.0,591.0,0,76.0090884790163,920.1788159484495,0.0033688608000328937,3741.0
A04d Lastage,413.0,52.0,93.0,36.0,22.0,42.0,17.0,675.0,0,73.05490097768865,917.9958637654972,0.0017706546698831017,3989.0
A04e Nieuwmarkt,724.0,76.0,87.0,63.0,25.0,85.0,11.0,1071.0,0,70.28301391441323,959.6991923457891,0.004185636575238411,3809.0
A04f Uilenburg,510.0,89.0,97.0,25.0,16.0,45.0,5.0,787.0,0,74.53460559796437,969.358861882422,0.0054995079509433985,3930.0
A04g Valkenburg,483.0,70.0,81.0,64.0,10.0,35.0,9.0,752.0,0,80.85832414553472,1016.5946163642499,0.006751461975190405,3628.0
A04h Zuiderkerkbuurt,695.0,84.0,122.0,43.0,25.0,56.0,9.0,1034.0,0,84.31440060316662,1043.8147892153127,0.005969759610947046,3979.0
A04i Waterloopleinbuurt,381.0,47.0,80.0,26.0,16.0,34.0,7.0,591.0,0,75.47289234760052,1001.3318348553951,0.008041907076215537,3855.0
A05a Westerdokseiland,460.0,163.0,136.0,120.0,60.0,76.0,12.0,1027.0,0,97.65636087176888,525.2942114486617,0.00869811455503385,3946.0
A05b Haarlemmerbuurt Oost,664.0,72.0,110.0,52.0,33.0,48.0,9.0,988.0,0,72.75578344860482,655.1355814130683,0.004908378983945177,4193.0
A05c Haarlemmerbuurt West,891.0,131.0,175.0,103.0,56.0,117.0,17.0,1490.0,0,71.3881267148915,562.9921302696172,0.007404923146804711,4009.0
A05d Westelijke Eilanden,1061.0,181.0,180.0,134.0,77.0,115.0,17.0,1765.0,0,78.86873449131514,508.9684339998476,0.009745968388134412,4030.0
A05f Planciusbuurt Noord,177.0,7.0,31.0,8.0,10.0,13.0,1.0,247.0,0,47.521865184827256,464.9274798358568,0.01139517057232983,4139.0
A05g Planciusbuurt Zuid,96.0,9.0,7.0,1.0,4.0,9.0,15.697732997481108,141.6977329974811,0,55.70589777195282,514.1278912823415,0.009370479579646897,3815.0
A06a Driehoekbuurt,1249.0,135.0,229.0,80.0,63.0,100.0,17.0,1873.0,0,59.26270991488383,616.6802799577669,0.0060910022797990475,4347.0
A06c Bloemgrachtbuurt,1177.0,140.0,267.0,113.0,67.0,106.0,26.0,1896.0,0,76.42797687861271,878.6819344515679,0.0023421104163751662,4325.0
A06d Marnixbuurt Noord,636.0,94.0,93.0,56.0,25.0,65.0,11.0,980.0,0,60.96213971665853,637.4530428535664,0.005561385463403246,4094.0
A06e Zaagpoortbuurt,537.0,12.0,68.0,11.0,13.0,20.0,6.0,667.0,0,40.99488775283396,806.0991879918581,0.002334078066925862,4499.0
A06f Marnixbuurt Midden,67.0,10.0,30.0,6.0,5.0,6.0,15.697732997481108,139.6977329974811,0,75.84778669427905,945.9438887135223,0.0036860816557009743,3863.0
A06g Elandsgrachtbuurt,1901.0,218.0,330.0,145.0,72.0,173.0,29.0,2868.0,0,66.8029012203546,980.7143712379315,0.005285550916410678,4343.0
A06h Passeerdersgrachtbuurt,419.0,46.0,72.0,24.0,19.0,29.0,8.0,617.0,0,78.95609538667262,1018.7212341217577,0.0088206798803946,4487.0
A06i Groenmarktkadebuurt,71.0,9.0,27.0,1.0,7.0,5.0,3.0,123.0,0,65.01679841897233,993.0095895331497,0.005835909574559144,4048.0
A06j Marnixbuurt Zuid,356.0,26.0,43.0,12.0,11.0,8.0,6.0,462.0,0,58.70627906976744,1018.7773671778907,0.00910285429741234,4300.0
A06k Anjeliersbuurt Noord,826.0,107.0,157.0,86.0,67.0,89.0,14.0,1346.0,0,71.76735715911677,707.7559512795115,0.003827154881896785,4393.0
A06l Anjeliersbuurt Zuid,1317.0,138.0,183.0,96.0,75.0,131.0,18.0,1958.0,0,64.525005709066,774.1135396370998,0.0022699401445879196,4379.0
A07a Leidsebuurt Noordwest,127.0,13.0,34.0,2.0,4.0,3.0,5.0,188.0,0,61.321354526606775,1007.1910885916121,0.010674640241711391,4341.0
A07b Leidsebuurt Zuidwest,77.0,2.0,17.0,5.0,1.0,5.0,1.0,108.0,0,87.0368746776689,998.5833941069543,0.011548514056902317,3878.0
A07c Leidsebuurt Noordoost,413.0,29.0,135.0,16.0,16.0,13.0,24.0,646.0,0,70.83970377448638,1003.1648888114856,0.012507488406947138,4186.0
A07d Leidsebuurt Zuidoost,135.0,17.0,24.0,16.0,4.0,7.0,5.0,208.0,0,82.87265186630886,1011.7865104331073,0.013491399234784719,4099.0
A07e Weteringbuurt,878.0,125.0,255.0,98.0,49.0,66.0,17.0,1488.0,0,79.00278422273782,1006.2322441249142,0.014529253881046242,4310.0
A07f Den Texbuurt,339.0,72.0,79.0,62.0,26.0,25.0,15.0,618.0,0,107.11843654344243,958.725593495227,0.015969885631706968,4247.0
A07g Utrechtsebuurt Zuid,448.0,70.0,80.0,56.0,22.0,40.0,16.0,732.0,0,81.21686746987952,993.4339073265775,0.014209570465446634,4482.0
A07h Frederikspleinbuurt,320.0,72.0,59.0,45.0,27.0,24.0,9.0,556.0,0,97.25011195700851,947.0921237387206,0.01594301783924553,4466.0
A08a Weesperbuurt,1308.0,152.0,283.0,98.0,51.0,78.0,13.0,1983.0,0,72.76352509179927,993.9942092716961,0.011616118682671057,4085.0
A08b Sarphatistrook,957.0,94.0,183.0,74.0,47.0,56.0,26.0,1437.0,0,78.44352823588206,979.2738241664943,0.01419730661436917,4002.0
A08d de Plantage,667.0,116.0,151.0,84.0,53.0,61.0,16.0,1148.0,0,93.38894397620228,973.5813151048753,0.009314341311247745,4034.0
A08e Alexanderplein e.o.,147.0,13.0,33.0,15.0,14.0,14.0,5.0,241.0,0,75.67042667974498,912.4484603411305,0.012415177220238598,4078.0
A09a Marine-Etablissement,20.0,3.0,2.0,3.0,4.0,1.0,15.697732997481108,48.69773299748111,0,83.57613884316903,881.9127036823372,0.0021486192077708,3125.301047120419
A09b Kattenburg,630.0,120.0,91.0,85.0,40.0,64.0,6.0,1036.0,0,83.212927756654,901.9792317488652,0.003560611991287729,2893.0
A09c Wittenburg,827.0,101.0,131.0,94.0,50.0,140.0,15.0,1358.0,0,71.65869695158398,902.4802712499047,0.004545323784118497,3346.0
A09d Oostenburg,503.0,65.0,101.0,89.0,34.0,87.0,5.0,884.0,0,69.15838709677419,934.2370280066615,0.005712412296914672,3100.0
A09e Czaar Peterbuurt,774.0,68.0,154.0,72.0,53.0,91.0,17.0,1229.0,0,57.345008756567424,898.0181069107771,0.00673772987084565,3426.0
A09f Het Funen,236.0,68.0,86.0,112.0,67.0,35.0,10.0,614.0,0,96.28836469652796,904.1594790521492,0.007814783187805718,3773.0
A09h Kazernebuurt,361.0,44.0,66.0,35.0,23.0,48.0,5.0,582.0,0,79.64403570462537,934.5634313330648,0.010519445189267812,3697.0
A09i Kadijken,1047.0,172.0,190.0,121.0,64.0,114.0,14.0,1722.0,0,77.88655913978495,955.7145726072428,0.0075577221933877175,3720.0
B10a Coenhaven/Mercuriushaven,10.0,93.62700228832952,2.0,2.0,50.81190476190476,95.27446300715991,15.697732997481108,269.4111030548753,1,83.57613884316903,183.19462071818094,0.031705895158669166,3125.301047120419
B10b Alfa-driehoek,3.0,93.62700228832952,1.0,2.0,50.81190476190476,95.27446300715991,15.697732997481108,261.4111030548753,1,83.57613884316903,236.7808993044595,0.023025436219326467,3125.301047120419
B10c Petroleumhaven,9.0,1.0,2.0,120.07476635514018,50.81190476190476,95.27446300715991,15.697732997481108,293.858867121686,1,83.57613884316903,93.38296089081429,0.03564281420090595,3125.301047120419
B10d Westhaven Noord,10.0,1.0,117.13073394495413,2.0,50.81190476190476,95.27446300715991,1.0,277.2171017140188,1,83.57613884316903,73.1388904006705,0.03362869563646435,3125.301047120419
B10e Vervoerscentrum,1.0,93.62700228832952,117.13073394495413,120.07476635514018,50.81190476190476,95.27446300715991,15.697732997481108,493.61660335496964,1,83.57613884316903,200.27985980341998,0.02501000669877501,3125.301047120419
B10f Amerikahaven,30.0,93.62700228832952,117.13073394495413,120.07476635514018,1.0,2.0,15.697732997481108,379.53023558590496,1,83.57613884316903,32.48753687235362,0.038194360157752336,3125.301047120419
B10g Afrikahaven,3.0,93.62700228832952,117.13073394495413,1.0,50.81190476190476,95.27446300715991,15.697732997481108,376.54183699982946,1,83.57613884316903,12.99501474894145,0.041283914821060384,3125.301047120419
B10h Westhaven Zuid,4.0,93.62700228832952,1.0,120.07476635514018,50.81190476190476,95.27446300715991,1.0,365.78813641253436,1,83.57613884316903,127.42080743651422,0.019280363486200384,3125.301047120419
E12a Houthavens West,201.0,13.0,36.0,16.0,6.0,4.0,1.0,277.0,2,23.537010676156584,344.0605359689129,0.019307825756934356,2810.0
E12b Houthavens Oost,233.0,63.0,47.0,25.0,15.0,21.0,1.0,405.0,2,91.22838741639832,453.13144517856557,0.015943604069974592,4037.0
E13a Zeeheldenbuurt,615.0,73.0,134.0,88.0,58.0,119.0,10.0,1097.0,2,64.14347326049453,415.94328460558825,0.013757039132841946,3478.0
E13b Spaarndammerbuurt Noordoost,1036.0,110.0,153.0,147.0,51.0,171.0,18.0,1686.0,2,61.60781476121563,402.6328874182277,0.014396793957337093,3455.0
E13c Spaarndammerbuurt Zuidoost,337.0,68.0,83.0,41.0,26.0,54.0,8.0,617.0,2,59.303427719821165,440.01479792317485,0.012143192838069273,3355.0
E13d Spaarndammerbuurt Zuidwest,585.0,71.0,113.0,72.0,50.0,62.0,17.0,970.0,2,59.59014386287114,439.2619978012648,0.013198945751842757,3267.0
E13e Spaarndammerbuurt Midden,416.0,42.0,102.0,52.0,38.0,65.0,7.0,722.0,2,58.82757628094416,376.65595781040804,0.015354189275651705,3474.0
E13f Spaarndammerbuurt Noordwest,607.0,79.0,160.0,104.0,48.0,129.0,7.0,1134.0,2,61.271239954075774,409.3825799218469,0.01632028164616487,3484.0
E13g Westergasfabriek,523.3676148796499,93.62700228832952,117.13073394495413,120.07476635514018,50.81190476190476,95.27446300715991,15.697732997481108,1015.9842182346197,2,83.57613884316903,462.71895375036735,0.011474179913619166,3125.301047120419
E13h Overbraker Binnenpolder,2.0,1.0,117.13073394495413,120.07476635514018,1.0,95.27446300715991,15.697732997481108,352.1776963047354,2,83.57613884316903,382.3025274569777,0.014192295445064737,3125.301047120419
E14a De Wittenbuurt Noord,488.0,56.0,115.0,66.0,43.0,56.0,7.0,831.0,2,66.45767769940315,554.6206147750651,0.008267730795089108,3686.0
E14b De Wittenbuurt Zuid,364.0,48.0,49.0,40.0,23.0,38.0,3.0,565.0,2,64.08613728129205,594.1536665541901,0.006579598847958795,3715.0
E14c Staatsliedenbuurt Noordoost,478.0,79.0,65.0,58.0,21.0,58.0,4.0,763.0,2,65.23089537553297,531.7245648790151,0.008997761577750087,3049.0
E14d Fannius Scholtenbuurt,1496.0,111.0,305.0,142.0,93.0,170.0,29.0,2346.0,2,54.23270104194496,554.1590763135265,0.008005268435383284,3743.0
E14e Westerstaatsman,1133.0,67.0,255.0,106.0,79.0,116.0,21.0,1777.0,2,49.86061669591376,557.4806957581826,0.00786450005149922,3989.0
E14f Buyskade e.o.,860.0,139.0,301.0,185.0,90.0,129.0,18.0,1722.0,2,70.53478603307956,703.1863047098649,0.004045340167711593,3809.0
E15a Ecowijk,249.0,47.0,56.0,105.0,59.0,99.0,7.0,622.0,2,85.98329425556858,1006.261148784709,0.012881482754712181,3412.0
E15b Markthallen,21.0,7.0,4.0,3.0,3.0,5.0,15.697732997481108,58.69773299748111,2,83.57613884316903,682.1530406766009,0.004996025174076262,3125.301047120419
E15c Bedrijvencentrum Westerkwartier,14.0,3.0,3.0,9.0,3.0,1.0,15.697732997481108,48.69773299748111,2,83.57613884316903,507.9846415082017,0.008612377702475704,3125.301047120419
E15d Marcanti,337.0,51.0,63.0,58.0,26.0,43.0,6.0,584.0,2,77.0,875.545346191943,0.0036720309397517757,3061.0
E16a Frederik Hendrikbuurt Noord,1360.0,142.0,375.0,176.0,114.0,153.0,23.0,2343.0,2,60.865530303030305,723.5715459720695,0.0038311637295341777,3696.0
E16b Frederik Hendrikbuurt Zuidoost,1410.0,102.0,314.0,118.0,65.0,95.0,26.0,2130.0,2,53.7806865892813,876.360940884501,0.0030243196032302437,4049.0
E16c Frederik Hendrikbuurt Zuidwest,449.0,78.0,79.0,65.0,32.0,55.0,7.0,765.0,2,78.212771890686,864.2640550336886,0.0031356764106798794,3586.0
E17a Da Costabuurt Noord,1665.0,200.0,443.0,176.0,116.0,173.0,65.0,2838.0,2,68.98320413436693,980.2079219775554,0.006271254073343814,3870.0
E18a Bellamybuurt Noord,1229.0,95.0,210.0,91.0,74.0,115.0,27.0,1841.0,2,62.41135483870968,1000.2571921498622,0.00715211149259359,3875.0
E18b Bellamybuurt Zuid,1455.0,99.0,374.0,106.0,80.0,137.0,43.0,2294.0,2,56.895159133458144,1019.8854752859988,0.00986681841020269,3739.0
E19a Da Costabuurt Zuid,1032.0,58.0,194.0,74.0,49.0,75.0,26.0,1508.0,2,54.916467209191,990.9860946326914,0.009285058016645432,4178.0
E19b Borgerbuurt,1163.0,155.0,138.0,140.0,37.0,158.0,12.0,1803.0,2,63.59446411329257,1002.1100075105311,0.011268930172045385,3107.0
E19c Lootsbuurt,826.0,54.0,172.0,67.0,46.0,82.0,21.0,1268.0,2,52.37913614549129,999.2264316269552,0.0131674102366359,3959.0
E20a Helmersbuurt Oost,819.0,111.0,254.0,144.0,93.0,63.0,33.0,1517.0,2,81.01951219512195,994.1037705042941,0.01123273829315156,4305.0
E20b WG-terrein,944.0,131.0,160.0,95.0,73.0,122.0,21.0,1546.0,2,83.05774758296316,1006.261148784709,0.012881482754712181,3827.0
E20c Cremerbuurt Oost,827.0,57.0,233.0,91.0,71.0,84.0,16.0,1379.0,2,63.28972188633615,993.2430636435872,0.014119709740371418,4135.0
E21a Cremerbuurt West,1979.0,186.0,617.0,214.0,179.0,192.0,52.0,3419.0,2,61.88629091804086,922.5856744783446,0.015835590977363243,4063.0
E21b Vondelparkbuurt West,611.0,100.0,182.0,96.0,79.0,64.0,34.0,1166.0,2,80.91627562361077,944.038896931567,0.017943253027320583,4049.0
E22a Vondelparkbuurt Oost,259.0,57.0,69.0,47.0,28.0,36.0,7.0,503.0,2,148.8381992422554,997.7054293520262,0.013462052598320128,4487.0
E22b Vondelparkbuurt Midden,262.0,47.0,53.0,50.0,30.0,32.0,4.0,478.0,2,121.26522454737832,950.7179033645002,0.015475045187730553,4253.0
E36a Woon- en groengebied Sloterdijk,92.0,18.0,90.0,14.0,11.0,5.0,4.0,234.0,2,78.14777105118327,203.1089571246639,0.02461475571705452,3634.0
E36b Bedrijventerrein Sloterdijk I,23.0,93.62700228832952,6.0,120.07476635514018,1.0,1.0,1.0,245.7017686434697,2,83.57613884316903,203.1089571246639,0.02461475571705452,3125.301047120419
E37a Bedrijventerrein Landlust,156.0,8.0,42.0,7.0,1.0,7.0,1.0,222.0,2,49.87958674741717,560.583192737643,0.00810399930960116,2807.0
E37c Bosleeuw,1454.0,238.0,375.0,471.0,111.0,246.0,60.0,2955.0,2,65.78503966754816,544.8800655266624,0.007655573516072863,2647.0
E37d Landlust Zuid,1372.0,129.0,369.0,216.0,108.0,169.0,31.0,2394.0,2,54.531714719271626,681.2239281165982,0.004340772910439396,3295.0
E37e Erasmusparkbuurt Oost,452.0,64.0,144.0,146.0,76.0,76.0,25.0,983.0,2,76.26137135098439,694.9445145911114,0.004759993489754406,2946.0
E37f Gibraltarbuurt,1364.0,167.0,383.0,204.0,85.0,215.0,43.0,2461.0,2,53.86222961730449,502.288175811736,0.008715252378593946,3005.0
E37g Landlust Noord,687.0,85.0,239.0,166.0,36.0,89.0,33.0,1335.0,2,57.981010512037976,595.2125044899914,0.0065911876450697356,2949.0
E38c Erasmusparkbuurt West,1234.0,160.0,420.0,200.0,109.0,154.0,50.0,2327.0,2,60.61838340486409,732.9405579562648,0.004933023693435949,2796.0
E38d Robert Scottbuurt Oost,486.0,68.0,182.0,107.0,46.0,65.0,20.0,974.0,2,59.038847957133285,822.939104831775,0.005506930275569012,2986.0
E39a Robert Scottbuurt West,1001.0,60.0,137.0,106.0,25.0,52.0,16.0,1397.0,2,50.620248400451636,762.982763875434,0.00557902530488066,2657.0
E39b Laan van Spartaan,380.0,47.0,82.0,100.0,41.0,67.0,8.0,725.0,2,81.55776892430279,768.5420154346856,0.006267392963784345,2510.0
E39c Kolenkitbuurt Zuid,505.0,98.0,159.0,175.0,21.0,74.0,38.0,1070.0,2,93.67936390532545,644.6896245822948,0.006134001574217278,2704.0
E39d Kolenkitbuurt Noord,597.0,114.0,148.0,435.0,45.0,210.0,21.0,1570.0,2,60.15718562874252,523.8129115825451,0.008242160836215148,2672.0
E40a Geuzenhofbuurt,703.0,57.0,196.0,44.0,42.0,53.0,20.0,1115.0,2,52.46895195279573,887.2563649029618,0.0045945621390906825,3559.0
E40b Trompbuurt,898.0,113.0,351.0,158.0,107.0,99.0,51.0,1777.0,2,69.35395189003437,895.8759075225043,0.004808384833025394,3201.0
E40c Pieter van der Doesbuurt,573.0,87.0,150.0,100.0,55.0,95.0,20.0,1080.0,2,63.858845671267254,889.4054271750607,0.0051222179854008365,3188.0
E41a John Franklinbuurt,711.0,71.0,174.0,76.0,52.0,80.0,20.0,1184.0,2,54.71754548257786,873.8607286303621,0.005601285839203326,3243.0
E41b Jan Maijenbuurt,827.0,88.0,186.0,117.0,43.0,105.0,14.0,1380.0,2,57.69615639496355,887.3353669819638,0.006327469320349312,3018.0
E41c Orteliusbuurt Noord,487.0,60.0,119.0,64.0,30.0,78.0,9.0,847.0,2,55.232722597235615,855.999395892066,0.006855328868114438,3111.0
E41d Mercatorpark,1141.0,3.0,117.13073394495413,4.0,3.0,62.0,15.697732997481108,1345.8284669424352,2,83.57613884316903,856.5615537002972,0.007237461337371612,3125.301047120419
E42a Balboaplein e.o.,981.0,80.0,287.0,181.0,76.0,143.0,28.0,1776.0,2,57.532877604166664,971.1193521350589,0.00804983420651913,3072.0
E42b Columbusplein e.o.,1112.0,141.0,270.0,204.0,66.0,200.0,27.0,2020.0,2,56.49249920204277,987.0054315289917,0.010711208447695134,3133.0
E42c Orteliusbuurt Midden,675.0,66.0,199.0,72.0,50.0,87.0,15.0,1164.0,2,55.0,949.5524104450806,0.008888313333949656,3235.0
E42d Orteliusbuurt Zuid,611.0,65.0,182.0,66.0,45.0,63.0,18.0,1050.0,2,57.302288108282305,970.8307953543556,0.011550799359351235,3103.0
E43a Paramariboplein e.o.,1150.0,124.0,407.0,170.0,132.0,132.0,59.0,2174.0,2,65.73079178885631,901.0089636555605,0.015373201189485292,3410.0
E43b Postjeskade e.o.,920.0,141.0,352.0,126.0,98.0,123.0,36.0,1796.0,2,62.474729769208295,875.5966953663288,0.015780717529942704,3423.0
E75a Kortenaerkwartier,563.0,90.0,168.0,149.0,72.0,101.0,26.0,1169.0,2,76.48216644649933,985.2779821706523,0.006995914998945089,3028.0
E75b Filips van Almondekwartier,361.0,36.0,91.0,51.0,35.0,39.0,17.0,630.0,2,67.07271577616187,984.997316889987,0.007162582467408466,3163.0
E75c De Wester Quartier,441.0,76.0,133.0,129.0,48.0,98.0,10.0,935.0,2,68.13541666666667,984.0407745643347,0.009840866946056804,3072.0
E75d Van Brakelkwartier,206.0,51.0,63.0,78.0,35.0,63.0,8.0,504.0,2,62.4658244250081,987.1010656246258,0.01043130496582026,3087.0
F11a Sloterdijk II,9.0,93.62700228832952,117.13073394495413,120.07476635514018,50.81190476190476,95.27446300715991,15.697732997481108,501.61660335496964,3,83.57613884316903,203.1089571246639,0.02461475571705452,3125.301047120419
F11c Sloterdijk III Oost,523.3676148796499,93.62700228832952,117.13073394495413,120.07476635514018,50.81190476190476,95.27446300715991,15.697732997481108,1015.9842182346197,3,83.57613884316903,203.1089571246639,0.02461475571705452,3125.301047120419
F11d Sloterdijk III West,15.0,3.0,3.0,120.07476635514018,2.0,1.0,15.697732997481108,159.77249935262128,3,83.57613884316903,203.1089571246639,0.02461475571705452,3125.301047120419
F11e De Heining,8.0,4.0,117.13073394495413,2.0,1.0,95.27446300715991,15.697732997481108,243.10292994959514,3,83.57613884316903,158.53785743052757,0.0730563699016723,3125.301047120419
F11f Teleport,19.0,1.0,4.0,120.07476635514018,50.81190476190476,95.27446300715991,1.0,291.16113412420486,3,83.57613884316903,203.1089571246639,0.02461475571705452,3125.301047120419
F11h Bretten Oost,1.0,93.62700228832952,117.13073394495413,120.07476635514018,50.81190476190476,95.27446300715991,15.697732997481108,493.61660335496964,3,83.57613884316903,288.610823872604,0.013897207669172455,3125.301047120419
F11j Bretten West,2.0,93.62700228832952,117.13073394495413,120.07476635514018,50.81190476190476,95.27446300715991,15.697732997481108,494.61660335496964,3,83.57613884316903,101.60458686636696,0.016214898035838057,3125.301047120419
F76a Buurt 3,1468.0,271.0,249.0,538.0,122.0,295.0,37.0,2980.0,3,63.29973591549296,136.3278782205484,0.06851684812284863,2272.0
F76b Buurt 2,662.0,155.0,111.0,328.0,53.0,192.0,23.0,1524.0,3,60.99583526145303,136.3278782205484,0.06851684812284863,2161.0
F77a Slotermeer Zuid,1247.0,148.0,158.0,232.0,41.0,141.0,19.0,1986.0,3,49.4400871459695,205.8440966137301,0.027578602915307518,2295.0
F77b Noordoever Sloterplas,813.0,125.0,163.0,192.0,60.0,121.0,21.0,1495.0,3,72.56230735358872,698.7008468395903,0.008030405671570442,2271.0
F77c Buurt 4 Oost,726.0,228.0,120.0,336.0,67.0,158.0,26.0,1661.0,3,74.98705656759348,136.3278782205484,0.06851684812284863,2086.0
F77d Buurt 5  Noord,664.0,133.0,88.0,416.0,62.0,215.0,22.0,1600.0,3,63.659217877094974,136.3278782205484,0.06851684812284863,1969.0
F77e Sloterpark,523.3676148796499,93.62700228832952,117.13073394495413,120.07476635514018,50.81190476190476,95.27446300715991,15.697732997481108,1015.9842182346197,3,83.57613884316903,674.169248184955,0.012764347846245713,3125.301047120419
F77f Buurt 5 Zuid,890.0,150.0,110.0,346.0,61.0,183.0,14.0,1754.0,3,74.93764121102576,136.3278782205484,0.06851684812284863,2213.0
F78a Buurt 6,547.0,143.0,93.0,310.0,72.0,198.0,14.0,1377.0,3,67.36731843575419,136.3278782205484,0.06851684812284863,2148.0
F78b Buurt 7,329.0,146.0,52.0,276.0,47.0,55.0,3.0,908.0,3,88.6720109940449,136.3278782205484,0.06851684812284863,2183.0
F78c Buurt 8,817.0,155.0,200.0,384.0,66.0,176.0,27.0,1825.0,3,84.32609721566777,136.3278782205484,0.06851684812284863,2119.0
F78d Buurt 9,933.0,285.0,183.0,624.0,104.0,258.0,31.0,2418.0,3,81.74608448030375,136.3278782205484,0.06851684812284863,2107.0
F78e Eendrachtspark,52.0,10.0,10.0,25.0,8.0,7.0,1.0,113.0,3,90.7886546184739,334.2752772909841,0.011299504146645293,1992.0
F79a Osdorper Binnenpolder,6.0,3.0,1.0,4.0,50.81190476190476,1.0,15.697732997481108,81.50963775938588,3,83.57613884316903,205.1673705521873,0.012436419855107328,3125.301047120419
F79b Buurt 10,326.0,238.0,50.0,253.0,56.0,96.0,11.0,1030.0,3,100.26640246587407,136.3278782205484,0.06851684812284863,2271.0
F80a Ookmeer,3.0,93.62700228832952,1.0,120.07476635514018,50.81190476190476,95.27446300715991,15.697732997481108,379.4858694100155,3,83.57613884316903,530.5422168039969,0.011984052199588712,3125.301047120419
F80b Osdorper Bovenpolder,103.0,77.0,28.0,71.0,30.0,37.0,5.0,351.0,3,130.85974304068523,260.37652251526595,0.013315553595701354,2802.0
F80c Bedrijvenpark Lutkemeer,9.0,2.0,117.13073394495413,3.0,1.0,2.0,1.0,135.13073394495413,3,83.57613884316903,218.36840787626127,0.01964311026313979,3125.301047120419
F81a Wildeman,1410.0,312.0,119.0,396.0,59.0,285.0,21.0,2602.0,3,62.045007759958615,535.742225511859,0.016543266638117272,1933.0
F81b Meer en Oever,770.0,255.0,182.0,234.0,67.0,93.0,23.0,1624.0,3,96.35561160151325,584.4532442228777,0.01507316439271815,2379.0
F81c Osdorpplein e.o.,638.0,173.0,123.0,240.0,37.0,123.0,18.0,1352.0,3,77.62247296661965,548.6162336319404,0.019816149995704985,2127.0
F81d Calandlaan/Lelylaan,383.0,102.0,35.0,90.0,22.0,50.0,6.0,688.0,3,74.26625659050967,584.6717408104843,0.021964459167022603,2276.0
F81e Osdorp Zuidoost,1268.0,328.0,159.0,217.0,80.0,155.0,16.0,2223.0,3,80.71124763705104,580.9274580662016,0.023713045809002888,2116.0
F82a Osdorp Midden Noord,750.0,126.0,85.0,310.0,30.0,152.0,14.0,1467.0,3,72.10636182902584,535.742225511859,0.016543266638117272,2012.0
F82b Osdorp Midden Zuid,645.0,171.0,102.0,321.0,67.0,209.0,22.0,1537.0,3,78.409843823947,535.742225511859,0.016543266638117272,2113.0
F82c Zuidwestkwadrant Osdorp Noord,616.0,173.0,129.0,285.0,54.0,141.0,37.0,1435.0,3,88.78632478632478,459.0147761535196,0.022746436028580806,2106.0
F82d Zuidwestkwadrant Osdorp Zuid,1131.0,267.0,276.0,643.0,152.0,268.0,37.0,2774.0,3,91.18595406360424,410.9642542260343,0.02718959939760546,2264.0
F83a De Punt,1383.0,315.0,225.0,535.0,104.0,232.0,30.0,2824.0,3,78.89076923076924,346.39315453189795,0.01885067011567299,1950.0
F83b Bedrijvencentrum Osdorp,6.0,93.62700228832952,117.13073394495413,120.07476635514018,50.81190476190476,95.27446300715991,15.697732997481108,498.61660335496964,3,83.57613884316903,346.39315453189795,0.01885067011567299,3125.301047120419
F84a Middelveldsche Akerpolder,675.0,322.0,87.0,367.0,99.0,173.0,12.0,1735.0,3,94.03837953091684,318.78067616549293,0.02521803552638193,2345.0
F84b De Aker West,581.0,295.0,123.0,560.0,126.0,203.0,15.0,1903.0,3,110.86215753424658,281.2422146270314,0.028259724364407823,2336.0
F84c De Aker Oost,601.0,352.0,128.0,812.0,170.0,238.0,14.0,2315.0,3,123.51359143327842,330.5297427915229,0.03052026066438988,2428.0
F85a Oostoever Sloterplas,420.0,232.0,93.0,252.0,71.0,80.0,12.0,1160.0,3,106.69911129919593,776.380680519424,0.010726134925494976,2363.0
F85b Emanuel van Meterenbuurt,482.0,134.0,68.0,159.0,58.0,90.0,16.0,1007.0,3,83.20325203252033,691.152616168323,0.01697087054602269,2214.0
F85c Jacob Geelbuurt,673.0,157.0,111.0,249.0,59.0,236.0,19.0,1504.0,3,59.602457002457,752.7659217816285,0.01644302234756184,2035.0
F86a Overtoomse Veld Noord,909.0,209.0,286.0,648.0,94.0,268.0,37.0,2451.0,3,86.98704414587333,904.6840134536469,0.01065266270985299,2084.0
F86b Overtoomse Veld Zuid,627.0,123.0,182.0,244.0,37.0,114.0,23.0,1350.0,3,80.96340257171117,831.2016849713185,0.01533837117362824,2022.0
F86c Rembrandtpark Noord,238.0,24.0,93.0,13.0,19.0,5.0,15.0,407.0,3,82.19438536792855,940.6125001360604,0.01026017976499157,2351.0
F86d Rembrandtpark Zuid,250.0,42.0,123.0,23.0,18.0,7.0,18.0,481.0,3,89.22342264477096,883.1337037803006,0.015607717410707038,2314.0
F86e Johan Jongkindbuurt,199.0,18.0,13.0,82.0,9.0,36.0,2.0,359.0,3,60.91048237476809,825.187959203666,0.018200813969160956,2156.0
F86f Lucas/Andreasziekenhuis e.o.,646.0,1.0,2.0,120.07476635514018,50.81190476190476,95.27446300715991,15.697732997481108,930.858867121686,3,83.57613884316903,822.1118633736435,0.007624748027967441,3125.301047120419
F87a Koningin Wilhelminaplein,646.0,135.0,319.0,101.0,50.0,28.0,22.0,1301.0,3,91.90645695364239,764.3043833200901,0.022582516429523993,2416.0
F87b Andreasterrein,216.0,67.0,57.0,127.0,58.0,38.0,9.0,572.0,3,108.79624230644639,845.1900382057449,0.021381980183380292,3087.0
F87c Delflandpleinbuurt Oost,469.0,39.0,81.0,81.0,20.0,64.0,9.0,763.0,3,52.857033051498846,693.2542859008828,0.027332620221493412,2602.0
F87d Delflandpleinbuurt West,886.0,116.0,148.0,181.0,69.0,139.0,25.0,1564.0,3,69.56804172593647,657.7470093936063,0.027512027645374842,2109.0
F87e Riekerhaven,523.3676148796499,93.62700228832952,3.0,120.07476635514018,50.81190476190476,95.27446300715991,1.0,887.1557512921843,3,83.57613884316903,475.18818234263256,0.034456675167840824,3125.301047120419
F87f Schipluidenbuurt,3.0,93.62700228832952,4.0,120.07476635514018,50.81190476190476,95.27446300715991,15.697732997481108,382.4858694100155,3,83.57613884316903,830.0314081701516,0.0197169930978912,3125.301047120419
F88a Riekerpolder,55.0,4.0,2.0,6.0,50.81190476190476,1.0,1.0,119.81190476190477,3,83.57613884316903,402.27923392583074,0.03477944230274244,3125.301047120419
F88b Park Haagseweg,141.0,98.0,26.0,82.0,27.0,28.0,4.0,406.0,3,103.78324154209284,439.86072863036213,0.03301892444114229,2542.0
F88c Nieuwe Meer,40.0,4.0,1.0,5.0,4.0,6.0,2.0,62.0,3,83.57613884316903,168.52580792633145,0.04366269524379098,3125.301047120419
F88d Sloterweg e.o.,32.0,26.0,6.0,27.0,9.0,8.0,15.697732997481108,123.69773299748111,3,156.69938107869143,240.71437123793143,0.038641079731447085,3393.0
F88e Nieuw Sloten Noordwest,400.0,203.0,93.0,365.0,89.0,170.0,11.0,1331.0,3,102.54422914911542,418.11103612674293,0.029570230017911998,2374.0
F88f Nieuw Sloten Noordoost,460.0,313.0,104.0,304.0,80.0,127.0,16.0,1404.0,3,104.52352941176471,418.11103612674293,0.029570230017911998,2380.0
F88g BelgiÃ«plein e.o.,346.0,127.0,64.0,51.0,13.0,37.0,6.0,644.0,3,88.10419426048566,437.54970556541235,0.031344067178491114,2265.0
F88h Nieuw Sloten Zuidwest,197.0,143.0,70.0,321.0,96.0,76.0,7.0,910.0,3,115.72818063395572,418.11103612674293,0.029570230017911998,2303.0
F88i Nieuw Sloten Zuidoost,316.0,118.0,108.0,190.0,70.0,124.0,12.0,938.0,3,98.43494122415889,418.11103612674293,0.029570230017911998,2467.0
F88j Dorp Sloten,108.0,70.0,21.0,67.0,26.0,28.0,4.0,324.0,3,101.70873412851097,254.10812987776336,0.03570283423710683,2599.0
F89a Louis Chrispijnbuurt,677.0,180.0,107.0,219.0,35.0,166.0,26.0,1410.0,3,74.26832518880498,664.6925308312743,0.022353163395199462,2251.0
F89b Jacques Veldmanbuurt,787.0,211.0,173.0,232.0,43.0,137.0,26.0,1609.0,3,76.32103156958648,711.457603596347,0.022009048018712462,2249.0
F89c Staalmanbuurt,485.0,99.0,71.0,277.0,58.0,176.0,12.0,1178.0,3,87.53381424706943,618.8592755058723,0.02786859621957396,2218.0
F89d Medisch Centrum Slotervaart,498.0,4.0,49.0,8.0,5.0,17.0,1.0,582.0,3,108.33802816901408,579.7962795659131,0.02853754111692071,2201.0
K23a Zuidas Noord,100.0,3.0,11.0,3.0,1.0,1.0,1.0,120.0,4,83.57613884316903,464.33641736783096,0.035862772409418084,3125.301047120419
K23b RAI,523.3676148796499,93.62700228832952,117.13073394495413,120.07476635514018,50.81190476190476,95.27446300715991,15.697732997481108,1015.9842182346197,4,83.57613884316903,493.1062740146509,0.03541664134714266,3125.301047120419
K23c VU-kwartier,68.0,8.0,9.0,7.0,2.0,95.27446300715991,2.0,191.2744630071599,4,83.57613884316903,274.0952531266667,0.04081287237882095,3125.301047120419
K23d Zuidas Zuid,412.0,62.0,46.0,69.0,19.0,25.0,5.0,638.0,4,131.44967707212055,315.35845914379945,0.03914778159793706,3716.0
K23e Vivaldi,802.0,16.0,15.0,18.0,3.0,4.0,1.0,859.0,4,126.24414186193793,323.1048208901612,0.0392418795840618,3158.0
K24a Hemonybuurt,861.0,80.0,264.0,111.0,78.0,92.0,46.0,1532.0,4,73.28979089790897,935.6091693788029,0.018720148097970405,4065.0
K24b Gerard Doubuurt,877.0,69.0,189.0,63.0,34.0,74.0,16.0,1322.0,4,63.90399802566634,923.9625997322332,0.018844630032518846,4052.0
K24c Frans Halsbuurt,1062.0,89.0,277.0,73.0,48.0,88.0,32.0,1669.0,4,63.132208157524616,948.1220570147271,0.018077209462742817,4266.0
K24d Hercules Seghersbuurt,1106.0,79.0,281.0,83.0,42.0,86.0,28.0,1705.0,4,56.25390528142822,868.8509594975563,0.021934421339298116,4033.0
K24e Sarphatiparkbuurt,2130.0,151.0,561.0,147.0,102.0,150.0,89.0,3330.0,4,59.95923502767992,844.3492941189276,0.020297240454612477,3974.0
K25a Willibrordusbuurt,1119.0,111.0,248.0,72.0,49.0,83.0,29.0,1711.0,4,61.35554985901051,872.2729969195938,0.021573486104237462,3901.0
K25b Van der Helstpleinbuurt,1521.0,129.0,377.0,126.0,104.0,147.0,38.0,2442.0,4,61.195544554455445,783.42684307344,0.0226639155887174,4040.0
K25c Lizzy Ansinghbuurt,860.0,68.0,193.0,102.0,61.0,116.0,27.0,1427.0,4,62.23673687016795,763.8064732069968,0.02511662163831796,3751.0
K25d Cornelis Troostbuurt,1359.0,140.0,375.0,118.0,89.0,107.0,41.0,2229.0,4,59.71369402019156,770.0711323486192,0.02525347287186179,3863.0
K26a Diamantbuurt,1052.0,125.0,198.0,165.0,71.0,190.0,26.0,1827.0,4,64.55868036776636,757.1453505458741,0.02451566142774384,3698.0
K26b Burgemeester Tellegenbuurt Oost,926.0,127.0,200.0,132.0,51.0,206.0,23.0,1665.0,4,59.02180271204467,756.3621926396795,0.025421103098797925,3761.0
K26c Burgemeester Tellegenbuurt West,821.0,98.0,169.0,88.0,58.0,148.0,13.0,1395.0,4,60.91068014203769,771.3328852412621,0.025895230307379922,3661.0
K44a Surinamepleinbuurt,490.0,85.0,109.0,71.0,55.0,40.0,12.0,862.0,4,74.04605263157895,874.3688323845391,0.0198810520569171,3648.0
K44b Westlandgrachtbuurt,1145.0,139.0,367.0,160.0,113.0,152.0,34.0,2110.0,4,61.25649439431228,819.4208074365142,0.02163510323617679,3657.0
K44c Aalsmeerwegbuurt West,841.0,109.0,288.0,83.0,73.0,104.0,26.0,1524.0,4,57.41359223300971,718.1779887015489,0.02705194657159322,3605.0
K44d Aalsmeerwegbuurt Oost,694.0,87.0,227.0,106.0,72.0,99.0,19.0,1304.0,4,65.99916341327385,713.7954523190125,0.02769117064106306,3586.0
K44e Legmeerpleinbuurt,528.0,73.0,153.0,67.0,57.0,68.0,15.0,961.0,4,69.5185387131952,791.8865039022107,0.02332437399057592,3668.0
K44f Bedrijventerrein Schinkel,174.0,10.0,7.0,8.0,7.0,6.0,1.0,213.0,4,83.57613884316903,511.8931654167256,0.03308075953254085,3125.301047120419
K45a Schinkelbuurt Noord,869.0,84.0,271.0,75.0,65.0,87.0,27.0,1478.0,4,62.84107275887757,837.5164415321483,0.022543125273350822,4027.0
K45b Schinkelbuurt Zuid,576.0,52.0,117.0,47.0,28.0,88.0,23.0,931.0,4,62.54935064935065,671.7461821467057,0.028981919937263872,3850.0
K46a Valeriusbuurt Oost,252.0,72.0,60.0,148.0,51.0,42.0,8.0,633.0,4,152.52310493967676,850.5482524409226,0.022870350050660983,4393.0
K46b Valeriusbuurt West,553.0,145.0,132.0,205.0,94.0,95.0,18.0,1242.0,4,108.69841623912559,791.1732048198016,0.024554868066432447,4483.0
K46c Willemsparkbuurt Noord,365.0,90.0,100.0,136.0,45.0,42.0,10.0,788.0,4,171.52565256525654,845.951578844249,0.022296681771061297,4444.0
K46d Vondelpark West,523.3676148796499,93.62700228832952,117.13073394495413,120.07476635514018,50.81190476190476,95.27446300715991,15.697732997481108,1015.9842182346197,4,83.57613884316903,875.0376451763887,0.02028983556488361,3125.301047120419
K47a Johannnes Vermeerbuurt,341.0,109.0,93.0,128.0,36.0,37.0,11.0,755.0,4,132.89499015532706,900.939104831775,0.019474525635364785,4571.0
K47b P.C. Hooftbuurt,234.0,58.0,58.0,49.0,12.0,21.0,8.0,440.0,4,140.29676140118968,977.5037661503629,0.01579693446019901,4539.0
K47c Concertgebouwbuurt,483.0,116.0,99.0,149.0,55.0,53.0,11.0,966.0,4,147.20443671161374,952.0326599253301,0.018433007112849592,4598.0
K47d Cornelis Schuytbuurt,664.0,200.0,139.0,266.0,91.0,69.0,22.0,1451.0,4,157.7991341991342,850.7415996342697,0.020325449103279488,4620.0
K47e Banpleinbuurt,150.0,76.0,29.0,74.0,20.0,25.0,2.0,376.0,4,202.32938226578528,860.5482524409226,0.022752191205679683,4387.0
K47f Hondecoeterbuurt,519.0,127.0,114.0,155.0,59.0,54.0,18.0,1046.0,4,113.62033288349078,861.1954479650815,0.022170409692651345,4446.0
K47g Harmoniehofbuurt,523.0,185.0,43.0,70.0,18.0,34.0,3.0,876.0,4,79.13986502210845,789.3865147870383,0.02511718583086766,4297.0
K47h Museumplein,5.0,1.0,117.13073394495413,120.07476635514018,50.81190476190476,95.27446300715991,15.697732997481108,404.9896010666401,4,83.57613884316903,941.6923294619629,0.01715880827949356,3125.301047120419
K47i Vondelpark Oost,1.0,93.62700228832952,117.13073394495413,120.07476635514018,50.81190476190476,95.27446300715991,15.697732997481108,493.61660335496964,4,83.57613884316903,926.9571899728968,0.016863243290955145,3125.301047120419
K47j Duivelseiland,495.0,54.0,149.0,50.0,46.0,40.0,10.0,844.0,4,65.893549842129,870.1648888114856,0.022366187520673677,4434.0
K48a Bertelmanpleinbuurt,396.0,54.0,85.0,49.0,9.0,69.0,12.0,674.0,4,57.183896862077354,745.9538809852945,0.026954572740260075,4111.0
K48b Marathonbuurt Oost,536.0,68.0,104.0,63.0,33.0,92.0,10.0,906.0,4,63.07306626354245,749.4120886895756,0.027498425883170138,3969.0
K48c Marathonbuurt West,1001.0,94.0,144.0,83.0,44.0,177.0,13.0,1556.0,4,51.362531017369726,684.7316291321526,0.02903448451500936,4030.0
K48d Olympisch Stadion e.o.,462.0,96.0,140.0,169.0,92.0,92.0,12.0,1063.0,4,99.6044511886697,619.3081385856254,0.031528201043862385,3954.0
K48e IJsbaanpad e.o.,57.0,21.0,9.0,32.0,26.0,12.0,3.0,160.0,4,83.57613884316903,475.73974377115735,0.035293546793287514,3125.301047120419
K48f Van Tuyllbuurt,1248.0,213.0,433.0,185.0,104.0,181.0,43.0,2407.0,4,68.8054193548387,623.0322571867074,0.031554147026378036,3875.0
K49a Diepenbrockbuurt,121.0,57.0,19.0,92.0,18.0,17.0,7.0,331.0,4,312.896110171539,728.8222779767282,0.028849893169685722,4139.0
K49b Beethovenbuurt,247.0,93.0,44.0,136.0,25.0,33.0,7.0,585.0,4,194.84910358565736,763.3515962599732,0.026762949102998892,4016.0
K49c Hiltonbuurt,13.0,5.0,117.13073394495413,8.0,4.0,4.0,15.697732997481108,166.82846694243523,4,83.57613884316903,819.6478431714033,0.024592293456686985,3125.301047120419
K49d Minervabuurt Noord,268.0,103.0,52.0,141.0,48.0,40.0,8.0,660.0,4,167.86009459795866,774.5761284845054,0.026150071002575808,4017.0
K49e Minervabuurt Midden,469.0,189.0,105.0,236.0,70.0,77.0,20.0,1166.0,4,140.54015133024163,745.4626106170608,0.02807141850819713,4097.0
K49f Minervabuurt Zuid,566.0,198.0,151.0,226.0,94.0,71.0,22.0,1328.0,4,117.29395807644883,668.1542924317794,0.03043029406647902,4055.0
K52a Wielingenbuurt,721.0,161.0,248.0,181.0,125.0,103.0,48.0,1587.0,4,90.54416403785488,708.643483797934,0.029401110085329345,3804.0
K52b Scheldebuurt West,1186.0,225.0,363.0,218.0,162.0,179.0,69.0,2402.0,4,81.78449444293847,649.4478562331965,0.03132429101416101,3689.0
K52c Scheldebuurt Midden,756.0,166.0,292.0,192.0,135.0,96.0,62.0,1699.0,4,84.8865286367303,643.9821597675001,0.031078431396422013,3719.0
K52d Scheldebuurt Oost,635.0,107.0,211.0,121.0,79.0,88.0,44.0,1285.0,4,80.24,625.5096004179774,0.031036467393048026,3550.0
K52g Veluwebuurt,700.0,55.0,97.0,46.0,49.0,41.0,3.0,991.0,4,89.46936197094125,415.1158417781454,0.03633517057634594,3166.0
K52h Kop Zuidas,27.0,4.0,10.0,8.0,1.0,4.0,15.697732997481108,69.69773299748111,4,94.17413541159279,359.98839677373707,0.038030018657924956,4106.0
K53a IJselbuurt West,927.0,87.0,228.0,69.0,70.0,103.0,23.0,1507.0,4,61.822308331026846,739.7224858769362,0.028146500025578742,3613.0
K53b IJselbuurt Oost,848.0,131.0,292.0,145.0,75.0,149.0,41.0,1681.0,4,71.7935860058309,720.4819475133611,0.02758993934045482,3430.0
K54a Kromme Mijdrechtbuurt,931.0,95.0,235.0,87.0,53.0,127.0,40.0,1568.0,4,61.46675786593707,632.156170064547,0.03068927091757442,3655.0
K54b Rijnbuurt Oost,895.0,104.0,302.0,106.0,83.0,106.0,36.0,1632.0,4,59.52545111769459,479.8345506198909,0.03421093024564476,3713.0
K54c Rijnbuurt Midden,712.0,112.0,246.0,72.0,60.0,72.0,29.0,1303.0,4,67.43433500278242,407.7285215138618,0.0363268307522132,3594.0
K54d Rijnbuurt West,724.0,68.0,70.0,52.0,39.0,125.0,5.0,1083.0,4,55.251506024096386,511.1033677656714,0.03404104283067209,3984.0
K54e Zorgvlied,11.0,2.0,2.0,4.0,2.0,95.27446300715991,1.0,117.27446300715991,4,83.57613884316903,314.18382296916326,0.04025802339359876,3125.301047120419
K59a Prinses Irenebuurt,325.0,115.0,47.0,112.0,34.0,33.0,8.0,674.0,4,155.57169174086582,574.6634465718236,0.03282519304268796,3257.0
K59b Beatrixpark,523.3676148796499,93.62700228832952,117.13073394495413,120.07476635514018,50.81190476190476,95.27446300715991,15.697732997481108,1015.9842182346197,4,83.57613884316903,660.8671887755658,0.031893066483524295,3125.301047120419
K90a Gelderlandpleinbuurt,1365.0,350.0,279.0,219.0,72.0,161.0,35.0,2481.0,4,79.43686868686869,199.79670407419096,0.043701485988030024,2772.0
K90c Buitenveldert Midden Zuid,1069.0,203.0,238.0,229.0,72.0,154.0,35.0,2000.0,4,79.99557195571956,106.31685733256413,0.05014556806211581,2710.0
K90d Buitenveldert Zuidwest,1316.0,304.0,145.0,262.0,85.0,100.0,24.0,2236.0,4,92.50162631008313,83.09107335285344,0.05000470638459432,2767.0
K90e Amsterdamse Bos,16.0,8.0,7.0,1.0,5.0,2.0,15.697732997481108,54.69773299748111,4,83.57613884316903,177.09192236940925,0.04409373364197863,3125.301047120419
K90i Buitenveldert West Midden,241.0,107.0,35.0,84.0,12.0,27.0,10.0,516.0,4,137.3669331810394,175.7794461799697,0.04452733377375895,3502.0
K90j Zuiderhof,2.0,93.62700228832952,2.0,1.0,50.81190476190476,95.27446300715991,15.697732997481108,260.4111030548753,4,83.57613884316903,287.25949429090787,0.03974970161661302,3125.301047120419
K91a De Klenckebuurt,194.0,77.0,36.0,27.0,4.0,14.0,15.697732997481108,367.6977329974811,4,90.29877035559987,245.40211818745846,0.04161168795918351,3009.0
K91b Buitenveldert Oost Midden,1154.0,279.0,184.0,142.0,42.0,152.0,15.0,1968.0,4,75.18158187894541,187.77175604924292,0.044502826887734236,2693.0
K91c Buitenveldert Zuidoost,1324.0,239.0,194.0,227.0,50.0,96.0,28.0,2158.0,4,87.92185850052799,122.8642607569309,0.05001407231659383,2841.0
K91d Amstelpark,1.0,1.0,117.13073394495413,120.07476635514018,1.0,1.0,15.697732997481108,256.9032332975754,4,83.57613884316903,167.98276387543402,0.046467421697464845,3125.301047120419
M27a Swammerdambuurt,609.0,74.0,186.0,83.0,66.0,51.0,21.0,1090.0,5,77.28921568627452,782.1052236287838,0.023508456270507155,3672.0
M27b Weesperzijde Midden/Zuid,993.0,127.0,249.0,142.0,95.0,90.0,28.0,1724.0,5,74.7778675282714,782.1052236287838,0.023508456270507155,3714.0
M27c Parooldriehoek,67.0,3.0,39.0,3.0,2.0,4.0,6.0,124.0,5,57.59806763285024,805.9021073026308,0.02233002827612349,3105.0
M28a Oosterparkbuurt Noordwest,1489.0,165.0,318.0,157.0,96.0,161.0,36.0,2422.0,5,64.45788001243395,945.367177890738,0.016693524331605262,3217.0
M28b Oosterpark,90.0,1.0,8.0,120.07476635514018,1.0,1.0,2.0,223.07476635514018,5,43.85676741130092,901.9272566968901,0.014971465299111463,3805.0
M28c Oosterparkbuurt Zuidoost,1089.0,167.0,279.0,187.0,100.0,168.0,39.0,2029.0,5,73.08172496984318,870.7850573086175,0.018030506010922775,3316.0
M28d Oosterparkbuurt Zuidwest,1095.0,108.0,236.0,159.0,75.0,156.0,25.0,1854.0,5,62.4827367754197,882.0422276888245,0.01961191633930325,3157.0
M29a Dapperbuurt Noord,1347.0,185.0,302.0,203.0,84.0,212.0,33.0,2366.0,5,67.373058637084,911.1075040001741,0.01180090814566382,3155.0
M29b Dapperbuurt Zuid,1321.0,129.0,245.0,184.0,73.0,169.0,34.0,2155.0,5,64.79390018484288,885.5426413122748,0.015363156207624453,3246.0
M29c Oostpoort,400.0,89.0,93.0,67.0,35.0,73.0,3.0,760.0,5,83.26043737574552,897.5127080362682,0.016767143832581807,3018.0
M30a Transvaalbuurt West,1275.0,156.0,292.0,215.0,84.0,237.0,40.0,2299.0,5,62.20565975649885,782.1952465957702,0.02296754285448182,3039.0
M30b Transvaalbuurt Oost,1393.0,159.0,416.0,343.0,127.0,272.0,62.0,2772.0,5,67.14415505754089,822.3312089778058,0.02077382059762986,3302.0
M31a Noordwestkwadrant Indische Buurt Noord,1366.0,148.0,377.0,192.0,85.0,158.0,36.0,2362.0,5,59.388050694025345,873.4817243743945,0.011286819821807363,3314.0
M31b Noordwestkwadrant Indische Buurt Zuid,1487.0,135.0,420.0,223.0,111.0,153.0,44.0,2573.0,5,61.37182448036952,873.4817243743945,0.011286819821807363,3031.0
M31c Zuidwestkwadrant Indische Buurt,1038.0,168.0,195.0,346.0,69.0,209.0,25.0,2050.0,5,70.49730769230769,873.4817243743945,0.011286819821807363,2600.0
M32a Noordoostkwadrant Indische Buurt,1815.0,251.0,315.0,395.0,104.0,272.0,45.0,3197.0,5,65.66867469879519,873.4817243743945,0.011286819821807363,2822.0
M32b Zuidoostkwadrant Indische Buurt,959.0,143.0,219.0,299.0,66.0,200.0,25.0,1911.0,5,67.81992882562278,873.4817243743945,0.011286819821807363,2810.0
M32c Zeeburgerdijk Oost,83.0,23.0,31.0,36.0,23.0,17.0,3.0,216.0,5,101.96913375373381,739.0147761535196,0.010266556813748468,3013.0
M32d Flevopark,4.0,1.0,2.0,2.0,50.81190476190476,1.0,15.697732997481108,76.50963775938587,5,83.57613884316903,731.8746557673259,0.014874260464721402,3125.301047120419
M33a Oostelijke Handelskade,309.0,91.0,143.0,91.0,56.0,58.0,9.0,757.0,5,104.30472488038278,776.0384941929444,0.0022936231948601587,3344.0
M33b Rietlanden,462.0,119.0,178.0,150.0,94.0,99.0,8.0,1110.0,5,99.62324588163514,809.5280882977218,0.003929211441560622,3278.0
M33c Java-eiland,696.0,197.0,198.0,225.0,146.0,125.0,17.0,1604.0,5,96.00619718309859,694.3657247662483,0.0039536326599766275,3550.0
M33d KNSM-eiland,723.0,203.0,149.0,124.0,69.0,118.0,13.0,1399.0,5,87.113849033063,597.6588640593876,0.0055113939334829765,3206.0
M33e Sporenburg,247.0,119.0,114.0,270.0,137.0,129.0,5.0,1021.0,5,104.2761087267525,721.9522047218383,0.004949587171924476,3495.0
M33f Borneo,390.0,101.0,151.0,230.0,171.0,163.0,15.0,1221.0,5,106.58989253557944,771.3424312351013,0.006160001556207158,3443.0
M33g Entrepot-Noordwest,412.0,69.0,85.0,91.0,39.0,112.0,8.0,816.0,5,82.72710163111668,894.0409759336461,0.0074308684090405915,3188.0
M33h Architectenbuurt,559.0,106.0,135.0,92.0,48.0,107.0,7.0,1054.0,5,76.27633851468049,859.4000174157242,0.00816205186457183,2895.0
M33i Bedrijvengebied Veelaan,14.0,5.0,3.0,1.0,50.81190476190476,2.0,15.697732997481108,91.50963775938588,5,83.57613884316903,881.2372293759728,0.00865365883600434,3125.301047120419
M33j Bedrijvengebied Cruquiusweg,7.0,1.0,2.0,1.0,50.81190476190476,95.27446300715991,15.697732997481108,172.78410076654578,5,83.57613884316903,765.3135265753067,0.007385554185194006,3125.301047120419
M33k Bedrijvengebied Zeeburgerkade,48.0,8.0,10.0,6.0,4.0,2.0,3.0,81.0,5,83.57613884316903,818.43057656932,0.009694020814522683,3125.301047120419
M34a Zeeburgereiland Noordwest,1.0,2.0,1.0,120.07476635514018,1.0,95.27446300715991,2.0,222.3492293623001,5,83.57613884316903,479.12371150852823,0.009701899991881762,3125.301047120419
M34c Zeeburgereiland Zuidoost,294.0,2.0,35.0,2.0,1.0,8.0,3.0,345.0,5,35.71738083774675,479.12371150852823,0.009701899991881762,2077.0
M34d Zeeburgereiland Zuidwest,139.0,4.0,37.0,2.0,3.0,4.0,18.0,207.0,5,88.53149370125975,479.12371150852823,0.009701899991881762,1667.0
M34e Nieuwe Diep/Diemerpark,10.0,5.0,3.0,3.0,5.0,3.0,15.697732997481108,44.69773299748111,5,83.57613884316903,312.06134144615817,0.023126645092831973,3125.301047120419
M34f RI Oost terrein,146.0,12.0,31.0,18.0,18.0,5.0,15.697732997481108,245.6977329974811,5,67.95471698113208,513.4415974573043,0.0070196014076659785,2915.0
M34g Zeeburgereiland Noordoost,523.3676148796499,93.62700228832952,117.13073394495413,120.07476635514018,50.81190476190476,95.27446300715991,15.697732997481108,1015.9842182346197,5,83.57613884316903,479.12371150852823,0.009701899991881762,3125.301047120419
M35a Steigereiland Noord,182.0,56.0,77.0,127.0,71.0,89.0,6.0,608.0,5,91.01921097770155,391.17839144017154,0.013945114841405428,2915.0
M35b Steigereiland Zuid,222.0,62.0,52.0,281.0,138.0,130.0,8.0,893.0,5,123.94204946996466,460.0804769731471,0.01617892442971217,2830.0
M35c Haveneiland Zuidwest/Rieteiland West,188.0,112.0,73.0,334.0,160.0,110.0,8.0,985.0,5,152.85895806861498,226.42932481414155,0.020913620442248263,3148.0
M35e Haveneiland Noordwest,448.0,94.0,137.0,203.0,89.0,139.0,13.0,1123.0,5,103.80747235989325,226.42932481414155,0.020913620442248263,2623.0
M35f Haveneiland Noordoost,657.0,144.0,161.0,488.0,203.0,309.0,13.0,1975.0,5,103.7728852838934,226.42932481414155,0.020913620442248263,2589.0
M50a Strandeiland,523.3676148796499,93.62700228832952,117.13073394495413,120.07476635514018,50.81190476190476,95.27446300715991,15.697732997481108,1015.9842182346197,5,83.57613884316903,8.316008316008316,1.0117504619624795,3125.301047120419
M50b Middeneiland Zuidoost,523.3676148796499,93.62700228832952,117.13073394495413,120.07476635514018,50.81190476190476,95.27446300715991,15.697732997481108,1015.9842182346197,5,83.57613884316903,12.99501474894145,1.0125560571876364,3125.301047120419
M50c Middeneiland Noordoost,523.3676148796499,93.62700228832952,117.13073394495413,120.07476635514018,50.81190476190476,95.27446300715991,15.697732997481108,1015.9842182346197,5,83.57613884316903,12.99501474894145,1.0125560571876364,3125.301047120419
M50d Middeneiland Zuidwest,523.3676148796499,93.62700228832952,117.13073394495413,120.07476635514018,50.81190476190476,95.27446300715991,15.697732997481108,1015.9842182346197,5,83.57613884316903,12.99501474894145,1.0125560571876364,3125.301047120419
M50e Middeneiland Noordwest,523.3676148796499,93.62700228832952,117.13073394495413,120.07476635514018,50.81190476190476,95.27446300715991,15.697732997481108,1015.9842182346197,5,83.57613884316903,12.99501474894145,1.0125560571876364,3125.301047120419
M50f Buiteneiland,523.3676148796499,93.62700228832952,117.13073394495413,120.07476635514018,50.81190476190476,95.27446300715991,15.697732997481108,1015.9842182346197,5,83.57613884316903,8.316008316008316,1.0117504619624795,3125.301047120419
M50g Centrumeiland,523.3676148796499,93.62700228832952,117.13073394495413,120.07476635514018,50.81190476190476,95.27446300715991,15.697732997481108,1015.9842182346197,5,83.57613884316903,32.48753687235363,1.011646333750886,3125.301047120419
M51a Rieteiland Oost,3.0,5.0,1.0,17.0,11.0,3.0,15.697732997481108,55.69773299748111,5,83.57613884316903,32.48753687235363,1.0107142938712315,3125.301047120419
M51b Haveneiland Oost,614.0,121.0,150.0,520.0,295.0,227.0,11.0,1938.0,5,107.94208494208495,226.42932481414155,0.020913620442248263,2849.0
M51c Haveneiland Noord,306.0,52.0,81.0,151.0,53.0,133.0,6.0,782.0,5,85.09673913043478,226.42932481414155,0.020913620442248263,2760.0
M55b De Eenhoorn,1476.0,32.0,246.0,32.0,26.0,50.0,8.0,1870.0,5,44.18557300756254,702.1322506558108,0.02570942637555044,3438.0
M55c Julianapark,181.0,59.0,92.0,52.0,27.0,17.0,4.0,432.0,5,86.97341996455995,616.9748723753959,0.029657845584638718,3386.0
M55d Don Bosco,443.0,109.0,140.0,141.0,100.0,80.0,14.0,1027.0,5,82.12004628290426,750.9748723753959,0.023169469913281948,3457.0
M55e Frankendael,5.0,2.0,117.13073394495413,2.0,50.81190476190476,95.27446300715991,15.697732997481108,287.9148347114999,5,83.57613884316903,692.3299572226274,0.02574565975367931,3125.301047120419
M55f Tuindorp Amstelstation,293.0,53.0,28.0,35.0,11.0,81.0,2.0,503.0,5,52.25525269733106,568.0584569668339,0.031600771392520946,3522.0
M55g De Wetbuurt,454.0,117.0,70.0,121.0,67.0,90.0,7.0,926.0,5,71.37571214392804,498.5511804595574,0.03265511820909445,3335.0
M55h Tuindorp Frankendael,941.0,128.0,151.0,104.0,44.0,95.0,6.0,1469.0,5,67.74325553197939,587.8141633377235,0.02894851550636653,3299.0
M55i Van der Kunbuurt,152.0,33.0,40.0,25.0,5.0,42.0,1.0,298.0,5,56.78092874867068,686.1715503260006,0.028205106256177986,2821.0
M56a Linnaeusparkbuurt,590.0,139.0,172.0,166.0,110.0,84.0,24.0,1285.0,5,94.61446453407511,743.2355748821717,0.021700374113362727,3595.0
M56b Middenmeer Noord,441.0,178.0,118.0,263.0,148.0,128.0,22.0,1298.0,5,96.44215349369989,745.1004397470366,0.021149882233711413,3492.0
M56c Middenmeer Zuid,960.0,249.0,313.0,381.0,259.0,235.0,42.0,2439.0,5,81.14833438089252,663.8141633377235,0.024337029474085465,3182.0
M56d Sportpark Middenmeer Zuid,95.0,39.0,13.0,12.0,10.0,6.0,4.0,179.0,5,96.02784072515377,540.0603128299463,0.02880178788239036,3089.0
M56e Sportpark Middenmeer Noord,523.3676148796499,93.62700228832952,1.0,120.07476635514018,50.81190476190476,95.27446300715991,15.697732997481108,899.8534842896654,5,83.57613884316903,579.4145704302772,0.026303146558966154,3125.301047120419
M56f Park De Meer,244.0,126.0,55.0,176.0,49.0,75.0,7.0,732.0,5,114.21401515151516,415.5189450425052,0.03256448626095271,3168.0
M56g Sportpark Voorland,523.3676148796499,93.62700228832952,117.13073394495413,120.07476635514018,50.81190476190476,95.27446300715991,15.697732997481108,1015.9842182346197,5,83.57613884316903,472.974447867118,0.02942776674506862,3125.301047120419
M56h Science Park Noord,1239.0,52.0,319.0,73.0,39.0,20.0,32.0,1774.0,5,49.45240858966918,689.9064666761002,0.020649460779880578,3446.0
M56i Science Park Zuid,20.0,2.0,5.0,1.0,1.0,2.0,15.697732997481108,46.69773299748111,5,83.57613884316903,550.2827660523996,0.02297686359448943,3125.301047120419
M57a Betondorp,1177.0,251.0,144.0,132.0,66.0,206.0,10.0,1986.0,5,60.183766233766235,330.46739449880806,0.03546248447743415,3080.0
M57b Nieuwe Oosterbegraafplaats,2.0,93.62700228832952,117.13073394495413,1.0,50.81190476190476,95.27446300715991,15.697732997481108,375.54183699982946,5,83.57613884316903,472.32955448400475,0.03230684919656823,3125.301047120419
M57c Drieburg,523.3676148796499,93.62700228832952,117.13073394495413,120.07476635514018,50.81190476190476,95.27446300715991,15.697732997481108,1015.9842182346197,5,83.57613884316903,343.1050222594725,0.03610118703034116,3125.301047120419
M58b Weespertrekvaart,934.0,4.0,63.0,1.0,1.0,2.0,4.0,1009.0,5,31.610530714584204,343.390471421885,0.03718628772060488,2393.0
M58e Amstelglorie,23.0,6.0,5.0,4.0,5.0,3.0,15.697732997481108,61.69773299748111,5,83.57613884316903,202.22435262487616,0.04255951798704848,3125.301047120419
M58f Overamstel,25.0,1.0,3.0,1.0,2.0,95.27446300715991,15.697732997481108,142.972196004641,5,83.57613884316903,123.7418010035811,0.050218099532338856,3125.301047120419
M58g Amstelkwartier Noord,716.0,25.0,102.0,25.0,20.0,17.0,5.0,910.0,5,55.072994726616706,364.2684361768131,0.03715458280602434,3603.0
M58h De Omval,221.0,59.0,73.0,42.0,22.0,9.0,4.0,430.0,5,96.99541778975741,578.6239455323224,0.03159847874743992,3710.0
M58i Amstelkwartier Zuid,11.0,3.0,3.0,2.0,50.81190476190476,95.27446300715991,1.0,166.08636776906468,5,83.57613884316903,265.7266438810941,0.04086954507894,3125.301047120419
M58j Amstelkwartier West,503.0,7.0,7.0,3.0,50.81190476190476,4.0,2.0,576.8119047619048,5,83.57613884316903,277.85824688966045,0.04079260537903795,3125.301047120419
N60a Van der Pekbuurt,1344.0,146.0,257.0,295.0,108.0,332.0,35.0,2517.0,6,64.04342532467533,451.9773758857528,0.011558440468011324,2464.0
N60b Bloemenbuurt Zuid,608.0,124.0,104.0,154.0,75.0,160.0,14.0,1239.0,6,69.81598272138228,346.0210349294119,0.019189207619457797,2315.0
N60c Bloemenbuurt Noord,589.0,183.0,97.0,156.0,87.0,166.0,6.0,1284.0,6,63.812083333333334,294.19795147543834,0.022076499228200708,2400.0
N61a IJplein e.o.,885.0,125.0,125.0,156.0,39.0,138.0,8.0,1476.0,6,62.37244897959184,590.2956645731515,0.007031598189780006,2548.0
N61b Vogelbuurt Zuid,1059.0,196.0,235.0,264.0,98.0,299.0,32.0,2183.0,6,71.35200364298726,473.9975400289536,0.010771031550418548,2196.0
N61c Vogelbuurt Noord,344.0,53.0,79.0,68.0,35.0,100.0,10.0,689.0,6,60.47027901334412,387.4871559033862,0.017088855493346825,2473.0
N61d Vliegenbos,29.0,3.0,4.0,9.0,8.0,1.0,15.697732997481108,69.69773299748111,6,83.57613884316903,392.09046924491946,0.013579994343614654,3125.301047120419
N62a Tuindorp Nieuwendam West,231.0,147.0,37.0,57.0,28.0,60.0,3.0,563.0,6,69.27836670592855,370.762411424715,0.017673402027907667,2547.0
N62b Tuindorp Nieuwendam Oost,650.0,186.0,82.0,168.0,82.0,157.0,4.0,1329.0,6,56.722653721682846,321.1106333881203,0.015175485373215204,3090.0
N63a Blauwe Zand,409.0,172.0,65.0,118.0,49.0,144.0,3.0,960.0,6,62.5822550831793,382.83788137714834,0.017720375971256853,2705.0
N64a Buiksloterdijk West,15.0,16.0,6.0,13.0,8.0,3.0,1.0,62.0,6,133.84011976047904,203.1089571246639,0.02461475571705452,3340.0
N64b Buiksloterdijk Oost,11.0,13.0,6.0,11.0,7.0,3.0,15.697732997481108,66.69773299748111,6,143.23950188242108,203.1089571246639,0.02461475571705452,3453.0
N64c Nieuwendammerdijk West,124.0,74.0,26.0,103.0,74.0,18.0,2.0,421.0,6,116.69918444165621,386.3638689031359,0.016964929223328415,3188.0
N64d Nieuwendammerdijk Oost,36.0,24.0,9.0,32.0,22.0,9.0,15.697732997481108,147.6977329974811,6,117.57514638906962,386.7792448106584,0.013582316100724866,3074.0
N64e Nieuwendammerdijk Zuid,1.0,1.0,117.13073394495413,120.07476635514018,1.0,95.27446300715991,15.697732997481108,351.1776963047354,6,83.57613884316903,382.8035669580172,0.012795695501227054,3125.301047120419
N65a Tuindorp Oostzaan West,273.0,110.0,29.0,72.0,34.0,57.0,5.0,580.0,6,77.1153488372093,90.48753687235362,0.040824372311803706,2150.0
N65b Tuindorp Oostzaan Oost,854.0,366.0,116.0,314.0,159.0,252.0,13.0,2074.0,6,63.270125906142695,122.8374350992152,0.03678136058144905,2621.0
N65c Terrasdorp,1104.0,290.0,163.0,254.0,92.0,219.0,12.0,2134.0,6,69.94432169686257,196.2314168780137,0.032948752325582635,2263.0
N65d De Bongerd,95.0,43.0,42.0,224.0,104.0,81.0,4.0,593.0,6,114.24759916492692,192.505845152442,0.03230193524388801,2395.0
N66b Oostzanerdijk,41.0,31.0,20.0,35.0,17.0,10.0,1.0,155.0,6,100.30260741828866,76.30125393214398,0.0415364895491031,2723.0
N66c Walvisbuurt,175.0,107.0,36.0,162.0,50.0,65.0,2.0,597.0,6,104.65545144804089,56.903538657465354,0.04549261464688554,2348.0
N66d Twiske West,251.0,207.0,57.0,272.0,97.0,113.0,5.0,1002.0,6,100.0718875502008,56.60832036224706,0.04532031170262073,2490.0
N66e Noorder IJplas,18.0,17.0,12.0,7.0,6.0,4.0,1.0,65.0,6,83.57613884316903,51.25842213538549,0.04667747489220744,3125.301047120419
N66f Molenwijk,710.0,192.0,68.0,210.0,62.0,233.0,11.0,1486.0,6,80.96987951807229,73.5320231629132,0.04295136983333542,1660.0
N66g Circus/Kermisbuurt,315.0,93.0,47.0,124.0,49.0,66.0,1.0,695.0,6,80.40682656826569,77.45510008599014,0.04234955142114837,2168.0
N67a Kadoelen,238.0,200.0,62.0,164.0,81.0,86.0,7.0,838.0,6,98.67876165113182,104.7765181613349,0.03866444242585922,3004.0
N67b Twiske Oost,124.0,109.0,26.0,126.0,38.0,45.0,2.0,470.0,6,92.78402366863905,52.83701059093729,0.046432577334672986,2366.0
N68a Baanakkerspark Noord,202.0,60.0,38.0,23.0,15.0,20.0,7.0,365.0,6,70.42031334413831,285.6588640593876,0.020830537109017163,1851.0
N68b Baanakkerspark Zuid,134.0,61.0,32.0,18.0,8.0,10.0,5.0,268.0,6,95.54171301446051,285.6588640593876,0.020830537109017163,1798.0
N68c Werengouw Midden,1239.0,245.0,175.0,382.0,90.0,339.0,31.0,2501.0,6,69.23988439306359,333.80066070903763,0.019103643385754692,2076.0
N68d Markengouw Midden,474.0,122.0,92.0,387.0,84.0,300.0,19.0,1478.0,6,89.51431167651067,270.59794712150733,0.021931269599598263,2201.0
N68e Markengouw Zuid,253.0,68.0,39.0,190.0,34.0,126.0,12.0,722.0,6,78.76006113092205,350.79359645590006,0.01664690307114408,1963.0
N68f Werengouw Zuid,218.0,90.0,23.0,170.0,41.0,112.0,5.0,659.0,6,97.65709074327405,319.28734856483544,0.01462143614056116,2193.0
N69a Rode Kruisbuurt,36.0,20.0,3.0,29.0,4.0,4.0,1.0,97.0,6,127.83957466481738,331.4611574925711,0.019712801690785264,2163.0
N69c Loenermark,531.0,113.0,60.0,76.0,29.0,60.0,8.0,877.0,6,72.27001127395715,260.03245855601875,0.0237059439059614,1774.0
N69j Buikslotermeerplein,451.0,73.0,63.0,31.0,8.0,27.0,5.0,658.0,6,79.84744268077601,266.7690511695747,0.023056908740333212,2268.0
N69k Plan van Gool,694.0,136.0,109.0,188.0,71.0,212.0,12.0,1422.0,6,71.59851513420902,305.0093881638384,0.02098697379811237,1751.0
N69l De Kleine Wereld,495.0,174.0,61.0,222.0,52.0,251.0,10.0,1265.0,6,75.47732181425486,236.99982040034394,0.02621121285199735,1852.0
N69m Buikslotermeer Noord,975.0,220.0,101.0,115.0,36.0,81.0,19.0,1547.0,6,87.74186991869918,205.8440966137301,0.027578602915307518,1968.0
N70a Banne Zuidwest,617.0,174.0,94.0,343.0,77.0,224.0,19.0,1548.0,6,82.19429414658141,201.3199867205103,0.030590574086188517,2033.0
N70b Banne Zuidoost,859.0,272.0,116.0,246.0,95.0,151.0,14.0,1753.0,6,84.00479156684236,225.91666031718387,0.028510760755419567,2087.0
N70c Banne Noordwest,536.0,139.0,57.0,237.0,40.0,179.0,15.0,1203.0,6,75.1140350877193,115.20624571409911,0.03632175275854157,1938.0
N70d Banne Noordoost,572.0,270.0,75.0,349.0,74.0,213.0,19.0,1572.0,6,84.1904266389178,180.25719214986228,0.03451561958432695,1922.0
N70e Buiksloterbreek,36.0,41.0,8.0,33.0,9.0,9.0,2.0,138.0,6,108.26131953428202,239.83059398504426,0.027462751158118744,3092.0
N70f Marjoleinterrein,66.0,9.0,20.0,38.0,11.0,9.0,1.0,154.0,6,89.50357426528991,244.00813640865994,0.025874635988991833,2518.0
N71c Papaverweg e.o.,74.0,13.0,17.0,26.0,11.0,11.0,2.0,154.0,6,83.57613884316903,346.0210349294119,0.019189207619457797,3125.301047120419
N71e Cornelis Douwesterrein,16.0,93.62700228832952,117.13073394495413,120.07476635514018,1.0,1.0,15.697732997481108,364.53023558590496,6,83.57613884316903,110.58795484973494,0.03769433946924461,3125.301047120419
N71f NDSM terrein,368.0,93.62700228832952,14.0,120.07476635514018,50.81190476190476,4.0,1.0,651.5136734053744,6,24.69957310565635,259.08776436525125,0.025365985812501515,1874.0
N71g Buiksloterham,15.0,2.0,3.0,120.07476635514018,50.81190476190476,95.27446300715991,1.0,287.16113412420486,6,83.57613884316903,380.76449042679405,0.01748650318253019,3125.301047120419
N71h Overhoeks,148.0,113.0,82.0,46.0,36.0,33.0,4.0,462.0,6,115.75428571428571,480.4528414842551,0.010686286861674391,3675.0
N72a Bedrijventerrein Hamerstraat,43.0,9.0,22.0,3.0,3.0,3.0,3.0,86.0,6,83.57613884316903,493.9547082321951,0.00889932824445518,3125.301047120419
N72b Zamenhofstraat e.o.,4.0,93.62700228832952,117.13073394495413,120.07476635514018,50.81190476190476,95.27446300715991,15.697732997481108,496.61660335496964,6,83.57613884316903,455.6490949265818,0.009947352929929931,3125.301047120419
N72c Bedrijventerrein Nieuwendammerdijk,2.0,3.0,1.0,120.07476635514018,50.81190476190476,1.0,1.0,178.88667111704495,6,83.57613884316903,426.037242437766,0.009890534943698523,3125.301047120419
N73a Schellingwoude West,10.0,4.0,5.0,4.0,5.0,5.0,1.0,34.0,6,83.57613884316903,392.3513731210066,0.01008367088961209,3125.301047120419
N73b Schellingwoude Oost,80.0,46.0,22.0,61.0,25.0,20.0,3.0,257.0,6,123.11636363636363,368.8079263314865,0.00970793403626778,3300.0
N73c Schellingwoude Noord,523.3676148796499,1.0,117.13073394495413,1.0,50.81190476190476,95.27446300715991,15.697732997481108,804.2824495911498,6,83.57613884316903,268.0347389274091,0.012355679796049918,3125.301047120419
N73d Durgerdam,58.0,48.0,16.0,52.0,19.0,13.0,4.0,210.0,6,124.2355,12.99501474894145,1.0103878917538003,4000.0
N73e Zwarte Gouw,523.3676148796499,2.0,117.13073394495413,1.0,1.0,95.27446300715991,15.697732997481108,755.470544829245,6,83.57613884316903,244.2231008696977,0.015028935720885253,3125.301047120419
N73f Ransdorp,41.0,35.0,5.0,29.0,11.0,8.0,15.697732997481108,144.6977329974811,6,131.40483467629898,7.141372141372141,1.0105350076743025,3599.0
N73g Holysloot,29.0,22.0,9.0,34.0,6.0,9.0,1.0,110.0,6,124.13508005822416,7.482328482328482,1.0132043370874457,3435.0
N73h Zunderdorp,76.0,53.0,14.0,38.0,12.0,8.0,15.697732997481108,216.6977329974811,6,122.19796040791842,58.23555311251646,0.036584803463870066,3334.0
N73i Noorderstrook West,7.0,3.0,1.0,120.07476635514018,50.81190476190476,95.27446300715991,15.697732997481108,292.858867121686,6,83.57613884316903,166.56155370029714,0.032047069881703284,3125.301047120419
N73j Noorderstrook Oost,523.3676148796499,1.0,117.13073394495413,120.07476635514018,50.81190476190476,95.27446300715991,1.0,908.659482948809,6,83.57613884316903,256.547425194022,0.021437856988286666,3125.301047120419
N74a Nintemanterrein,3.0,19.0,117.13073394495413,14.0,3.0,1.0,15.697732997481108,172.82846694243523,6,83.57613884316903,304.31021758770447,0.021587151467945757,3125.301047120419
N74b Elzenhagen Zuid,51.0,18.0,27.0,4.0,7.0,13.0,1.0,121.0,6,91.63811659192825,244.60688900741255,0.025528233582450488,2230.0
N74c Elzenhagen Noord,184.0,105.0,56.0,249.0,123.0,57.0,1.0,775.0,6,121.17161016949153,185.72351449314797,0.031079414356654046,2360.0
T92a Hoofdcentrum Zuidoost,10.0,2.0,2.0,120.07476635514018,50.81190476190476,95.27446300715991,15.697732997481108,295.858867121686,7,83.57613884316903,158.60396098877774,0.0609690205954776,3125.301047120419
T92b Amstel III deel A/B Noord,69.0,3.0,5.0,1.0,50.81190476190476,95.27446300715991,2.0,226.08636776906468,7,83.57613884316903,177.80812770079785,0.07003673227458906,3125.301047120419
T92c Amstel III deel C/D Noord,18.0,93.62700228832952,1.0,1.0,50.81190476190476,95.27446300715991,15.697732997481108,275.4111030548753,7,83.57613884316903,174.15324204591218,0.07107896061873643,3125.301047120419
T92d Amstel III deel A/B Zuid,147.0,93.62700228832952,1.0,120.07476635514018,50.81190476190476,95.27446300715991,1.0,508.78813641253436,7,83.57613884316903,133.91435817613828,0.07710926451712298,3125.301047120419
T92e Amstel III deel C/D Zuid,3.0,93.62700228832952,1.0,120.07476635514018,50.81190476190476,95.27446300715991,15.697732997481108,379.4858694100155,7,83.57613884316903,81.55261181439191,0.07986138858110145,3125.301047120419
T92f AMC,7.0,93.62700228832952,117.13073394495413,120.07476635514018,1.0,95.27446300715991,15.697732997481108,449.80469859306487,7,83.57613884316903,65.32474883260222,0.08289807253011969,3125.301047120419
T92g Hoge Dijk,7.0,3.0,1.0,3.0,2.0,1.0,15.697732997481108,32.69773299748111,7,83.57613884316903,12.99501474894145,0.08987269772824372,3125.301047120419
T93a Venserpolder West,1866.0,116.0,270.0,173.0,141.0,491.0,43.0,3100.0,7,63.57874865156418,123.06196732374741,0.05532374380869276,1854.0
T93b Venserpolder Oost,1069.0,86.0,183.0,136.0,93.0,297.0,35.0,1899.0,7,63.095419847328245,98.28524779310119,0.05161928958444268,1834.0
T93c D-buurt,1462.0,13.0,98.0,11.0,16.0,76.0,8.0,1684.0,7,35.024281150159744,111.41269279750954,0.05570496530552193,1565.0
T93d F-buurt,618.0,87.0,143.0,274.0,141.0,327.0,39.0,1629.0,7,105.98894062863795,102.878389263206,0.057756888632351726,1718.0
T93e Amsterdamse Poort,553.0,15.0,89.0,27.0,24.0,113.0,13.0,834.0,7,59.307112068965516,160.29544143418488,0.061899946071238686,1856.0
T93f Hoptille,348.0,26.0,47.0,56.0,46.0,164.0,5.0,692.0,7,76.54534083802376,154.4810984968053,0.06634961941730842,1599.0
T93g Rechte H-buurt,758.0,67.0,96.0,109.0,94.0,389.0,30.0,1543.0,7,81.6056826056826,172.2939883096951,0.06477743249743474,1443.0
T93h Hakfort/Huigenbos,659.0,53.0,153.0,88.0,55.0,290.0,34.0,1332.0,7,79.59292604501607,181.07278684242033,0.07017616738814833,1555.0
T93i Huntum,25.0,29.0,7.0,14.0,5.0,6.0,1.0,87.0,7,134.14753297508548,136.3278782205484,0.06851684812284863,2047.0
T93j Vogeltjeswei,105.0,33.0,23.0,54.0,30.0,65.0,5.0,315.0,7,100.33419155509783,151.42724581206255,0.059010389654788456,1942.0
T93k Nelson Mandelapark,523.3676148796499,93.62700228832952,117.13073394495413,120.07476635514018,50.81190476190476,95.27446300715991,15.697732997481108,1015.9842182346197,7,83.57613884316903,172.68421482295827,0.06480401046879351,3125.301047120419
T94a E-buurt,208.0,19.0,71.0,140.0,64.0,83.0,21.0,606.0,7,117.6926159129937,80.6172622481523,0.05164648316741758,1747.0
T94b G-buurt West,792.0,136.0,154.0,222.0,139.0,342.0,26.0,1811.0,7,96.79677956690728,105.28795267276942,0.05595504673431711,1801.0
T94c Bijlmermuseum Noord,723.0,71.0,84.0,56.0,69.0,254.0,20.0,1277.0,7,82.46056991385024,105.89502127983802,0.055282403626037147,1509.0
T94d Kortvoort,951.0,66.0,84.0,77.0,71.0,251.0,10.0,1510.0,7,64.03626634958383,145.37672388457727,0.06019157441876235,1682.0
T94e Kelbergen,159.0,63.0,26.0,54.0,44.0,74.0,9.0,429.0,7,87.64318975552969,172.3792273949342,0.0644912838072079,1718.0
T94f K-buurt Midden,555.0,50.0,87.0,73.0,70.0,214.0,13.0,1062.0,7,84.57207207207207,172.3792273949342,0.0644912838072079,1554.0
T94g K-buurt Zuidoost,129.0,20.0,35.0,84.0,41.0,56.0,8.0,373.0,7,115.65699658703072,161.4465827083628,0.061469297080514365,1758.0
T94h K-buurt Zuidwest,192.0,53.0,32.0,107.0,59.0,132.0,7.0,582.0,7,98.81702598120509,175.42080743651422,0.06319566736377104,1809.0
T94i Grunder/Koningshoef,290.0,52.0,50.0,129.0,69.0,161.0,6.0,757.0,7,100.44224598930481,96.23805662287337,0.05497425467989102,1870.0
T94j G-buurt Oost,1023.0,295.0,192.0,153.0,60.0,92.0,34.0,1849.0,7,92.48761329305135,61.525160279086975,0.05019339629681756,1655.0
T94k Kantershof,675.0,117.0,82.0,131.0,65.0,115.0,14.0,1199.0,7,82.04693998811646,93.12932263717603,0.05716551511400655,1683.0
T94l Gooise Kant,523.3676148796499,93.62700228832952,117.13073394495413,120.07476635514018,50.81190476190476,95.27446300715991,15.697732997481108,1015.9842182346197,7,83.57613884316903,172.68421482295827,0.06359060831798916,3125.301047120419
T94m G-buurt Noord,632.0,31.0,69.0,33.0,45.0,241.0,12.0,1063.0,7,61.86920103092783,84.88129551218556,0.052296331163284894,1552.0
T94n Bijlmermuseum Zuid,683.0,58.0,156.0,67.0,78.0,330.0,30.0,1402.0,7,84.46601261387526,103.48337886819562,0.05787077435910273,1427.0
T95a L-buurt,1012.0,196.0,178.0,109.0,74.0,158.0,11.0,1738.0,7,83.30186335403727,177.95781585048599,0.06935981670743874,1610.0
T95b Gaasperpark,4.0,2.0,2.0,2.0,50.81190476190476,3.0,15.697732997481108,79.50963775938587,7,83.57613884316903,172.68421482295827,0.06451433959835666,3125.301047120419
T95c Gaasperplas,7.0,3.0,2.0,3.0,3.0,1.0,15.697732997481108,34.69773299748111,7,83.57613884316903,164.8131129518564,0.07066417108034646,3125.301047120419
T96a Holendrecht Noordwest,758.0,82.0,61.0,89.0,64.0,406.0,16.0,1476.0,7,73.16603535353535,203.1089571246639,0.02461475571705452,1584.0
T96b Reigersbos Noord,940.0,115.0,95.0,162.0,139.0,612.0,18.0,2081.0,7,80.42442936458976,129.13327927202272,0.07751221073193285,1621.0
T96c Holendrecht Oost,383.0,296.0,67.0,181.0,64.0,150.0,10.0,1151.0,7,94.93443469282396,158.53785743052757,0.0730563699016723,1937.0
T96d Gaasperdam Noord,528.0,71.0,86.0,89.0,61.0,185.0,20.0,1040.0,7,78.20893141945774,158.53785743052757,0.0730563699016723,1881.0
T96e Gaasperdam Zuid,547.0,63.0,73.0,43.0,37.0,141.0,6.0,910.0,7,69.6880783886772,158.53785743052757,0.0730563699016723,1837.0
T96f Reigersbos Midden,638.0,123.0,81.0,134.0,63.0,226.0,9.0,1274.0,7,75.89305103148752,129.13327927202272,0.07751221073193285,1842.0
T96g Reigersbos Zuid,509.0,201.0,82.0,184.0,79.0,149.0,15.0,1219.0,7,88.79969418960245,129.13327927202272,0.07751221073193285,1962.0
T97a Gein Noordwest,918.0,75.0,123.0,103.0,80.0,308.0,22.0,1629.0,7,70.45923460898503,124.1124892512327,0.07726739874813014,1803.0
T97b Gein Zuidwest,448.0,53.0,59.0,62.0,50.0,196.0,8.0,876.0,7,73.00971922246221,124.1124892512327,0.07726739874813014,1852.0
T97c Gein Noordoost,354.0,339.0,78.0,392.0,115.0,136.0,10.0,1424.0,7,93.90266299357208,124.1124892512327,0.07726739874813014,2178.0
T97d Gein Zuidoost,656.0,248.0,98.0,236.0,105.0,294.0,15.0,1652.0,7,85.73542600896862,124.1124892512327,0.07726739874813014,2007.0
T98a Dorp Driemond,180.0,147.0,33.0,139.0,56.0,63.0,15.697732997481108,633.6977329974811,7,94.15354838709678,6.497507374470725,1.0138537894692472,2325.0
T98b Landelijk Gebied Driemond,3.0,5.0,117.13073394495413,4.0,2.0,2.0,15.697732997481108,148.82846694243523,7,83.57613884316903,4.833679833679834,1.0125758260982247,3125.301047120419
